{"cameraMode":{"drawMode":0,"name":"Shaded","section":"Shading Mode"},"sceneLighting":true,"audioPlay":false,"sceneViewState":{"m_AlwaysRefresh":false,"showFog":true,"showSkybox":true,"showFlares":true,"showImageEffects":true,"showParticleSystems":true,"showVisualEffectGraphs":true,"m_FxEnabled":true},"in2DMode":false,"pivot":{"x":-0.7890899181365967,"y":2.9457178115844728,"z":-1.263763666152954},"rotation":{"x":-0.08733348548412323,"y":0.8997517824172974,"z":-0.21143947541713715,"w":-0.37163570523262026},"size":3.4698431491851808,"orthographic":false}